model,training_size,sensitivity,distribution,solver,step_size,hamiltonian_error,reversibility_error,time,ess
HMC,0.1,autograd,gp_regression,SynchronousLeapfrog,0.05,"[5.25224204e-05 2.08103389e-04 2.93556113e-05 9.44925050e-05
 2.52945552e-04 2.54797749e-04 3.24278022e-04 1.54224283e-04
 5.77379018e-04 5.70244913e-04 2.03034084e-04 3.40625324e-04
 2.83637812e-04 2.22559829e-04 1.09585846e-04 8.42403533e-05
 1.75768277e-04 9.52604387e-05 3.25519068e-04 5.39512512e-05
 2.91113392e-04]",1.2151331e-12,391.6325740814209,18634.359174786525
NNgHMC,0.1,autograd,gp_regression,SynchronousLeapfrog,0.05,"[5.2522420e-05 5.6451194e-05 2.6906451e-04 2.6272796e-04 1.3229232e-04
 3.9696525e-04 6.2980293e-04 4.9717544e-04 4.2853333e-04 6.3623599e-04
 7.3217507e-04 4.7191526e-04 4.4684013e-04 4.9484556e-04 3.3849105e-04
 1.7559940e-05 1.9937548e-04 2.4784612e-04 9.8642202e-05 1.6081758e-04
 6.1527069e-04]",1.2374416e-14,284.0567772388458,11215.620876323406
NNODEgHMC,0.1,autograd,gp_regression,SynchronousLeapfrog,0.05,"[5.25224204e-05 4.49049330e-05 2.94257916e-04 2.80677516e-04
 1.33382739e-04 3.98554577e-04 6.56310585e-04 5.33884915e-04
 4.46610153e-04 6.53898402e-04 7.76411151e-04 5.00037451e-04
 4.29677893e-04 5.08164056e-04 4.03718557e-04 2.17565757e-05
 1.81109877e-04 2.95913778e-04 1.55801827e-04 1.09823006e-04
 5.78354986e-04]",1.069809e-13,179.8943808078766,6182.04473319267
Explicit NNODEgHMC,0.1,autograd,gp_regression,SynchronousLeapfrog,0.05,"[5.25224204e-05 1.13064474e-04 1.85273180e-04 2.02971729e-04
 1.06799496e-04 4.22448880e-04 6.61070633e-04 5.90049080e-04
 7.74915155e-04 1.08480337e-03 1.03350508e-03 8.10279394e-04
 8.90921045e-04 6.47274079e-04 2.65648909e-04 1.76425499e-04
 2.73857266e-04 1.10761634e-04 3.19150677e-05 2.73269980e-04
 2.28976904e-04]",1.4936458e-13,337.3801271915436,6509.868597860439
GSymplecticNNgHMC,0.1,autograd,gp_regression,SynchronousLeapfrog,0.05,"[5.2522420e-05 1.5579627e-04 4.2935900e-04 7.3941692e-04 1.2285557e-03
 1.8691889e-03 2.4739909e-03 3.0944091e-03 3.7391377e-03 4.2719753e-03
 4.7822511e-03 5.1754029e-03 5.4969178e-03 5.6863963e-03 6.0610371e-03
 6.4108646e-03 7.1009598e-03 8.1495512e-03 1.0109267e-02 1.3098787e-02
 1.7818268e-02]",0.255993,50.40954065322876,27.771103148324254
RevGSymplecticNNgHMC,0.1,autograd,gp_regression,SynchronousLeapfrog,0.05,"[5.2522420e-05 1.1998358e-04 3.2275988e-04 5.3121883e-04 8.9533802e-04
 1.3957616e-03 1.8534809e-03 2.3265183e-03 2.8267598e-03 3.2173300e-03
 3.5792165e-03 3.8013780e-03 3.8991910e-03 3.7662999e-03 3.6502646e-03
 3.2426708e-03 2.7701815e-03 2.0680001e-03 1.4506930e-03 7.4960158e-04
 3.2507948e-04]",7.239998e-15,65.50596475601196,11608.494702839751
RevGradGSymplecticNNgHMC,0.1,autograd,gp_regression,SynchronousLeapfrog,0.05,"[5.2522420e-05 2.0168784e-04 5.7410949e-04 1.0176854e-03 1.6580848e-03
 2.4528378e-03 3.2020970e-03 3.9461320e-03 4.6806885e-03 5.2533639e-03
 5.7314122e-03 5.9905150e-03 6.0355184e-03 5.7532364e-03 5.3925067e-03
 4.6565458e-03 3.8013130e-03 2.7106362e-03 1.7714619e-03 9.1349706e-04
 6.2871241e-04]",1.4054339e-14,74.35768604278564,9286.213405113602
HMC,0.4,autograd,gp_regression,SynchronousLeapfrog,0.05,"[5.2507537e-05 4.6373334e-05 2.6091246e-04 1.6801636e-05 6.9786314e-05
 5.4884138e-05 3.4618718e-04 2.1084327e-04 7.0417715e-05 3.1046043e-04
 1.6284092e-04 1.6790512e-04 1.1099880e-04 1.2874774e-04 3.4553974e-04
 1.7663746e-04 1.5278503e-05 3.9989682e-04 1.0516726e-04 2.4025350e-04
 1.1513011e-04]",9.673036e-13,427.34139943122864,17189.83029777952
NNgHMC,0.4,autograd,gp_regression,SynchronousLeapfrog,0.05,"[5.2507537e-05 2.0609138e-04 1.5287180e-05 8.5098298e-05 3.3448398e-04
 5.0630415e-04 1.9321749e-04 2.4963383e-04 5.1515590e-04 2.6257260e-04
 1.6207323e-05 2.2281609e-04 4.3463422e-04 7.5143478e-05 1.2551843e-04
 4.3547156e-04 4.6110651e-04 4.9166174e-05 2.1701335e-04 5.1296712e-04
 3.6499178e-04]",1.2866146e-14,308.9281589984894,12189.933263322173
NNODEgHMC,0.4,autograd,gp_regression,SynchronousLeapfrog,0.05,"[5.2507537e-05 2.1821173e-04 3.5315075e-05 6.4429340e-05 3.5457796e-04
 5.6347635e-04 2.6625168e-04 3.0796241e-04 5.9564185e-04 3.7605836e-04
 7.8798024e-05 2.4484389e-04 4.7557190e-04 1.2305815e-04 1.0115650e-04
 3.9940912e-04 4.9681956e-04 8.8474888e-05 1.9507724e-04 5.4581958e-04
 5.0735625e-04]",1.2970976e-13,196.57114791870117,6243.814240443984
Explicit NNODEgHMC,0.4,autograd,gp_regression,SynchronousLeapfrog,0.05,"[5.2507537e-05 7.3332420e-05 1.7355884e-04 7.4426796e-05 4.3791442e-04
 2.9746024e-04 3.6995328e-04 7.4849947e-04 6.2063854e-04 4.3071530e-04
 7.5741415e-04 6.4243015e-04 1.8738549e-04 1.8718190e-04 3.3070950e-04
 1.2342355e-04 9.0915892e-05 1.5853340e-04 5.9780050e-05 7.8705154e-05
 3.6709741e-04]",1.3106279e-13,346.9901406764984,5995.97379883193
GSymplecticNNgHMC,0.4,autograd,gp_regression,SynchronousLeapfrog,0.05,"[5.25075375e-05 1.13302245e-04 3.19350656e-04 5.34017046e-04
 9.01959429e-04 1.40046247e-03 1.84888311e-03 2.30576936e-03
 2.78358208e-03 3.14585748e-03 3.47456220e-03 3.65920528e-03
 3.71720479e-03 3.54612642e-03 3.39939562e-03 2.97790021e-03
 2.51702312e-03 1.85525767e-03 1.29417889e-03 6.20182196e-04
 9.84476501e-05]",0.0005126884,79.11984729766846,11257.893619910214
RevGSymplecticNNgHMC,0.4,autograd,gp_regression,SynchronousLeapfrog,0.05,"[5.2507537e-05 1.1205159e-04 3.4957810e-04 6.4689841e-04 1.1619930e-03
 1.8725907e-03 2.5809240e-03 3.3123766e-03 4.0382165e-03 4.5804963e-03
 4.9902010e-03 5.1430594e-03 5.0637168e-03 4.6751481e-03 4.2680441e-03
 3.5818431e-03 2.8864390e-03 2.0447799e-03 1.3727393e-03 6.5918005e-04
 1.7085182e-04]",9.843098e-15,89.17905282974243,9709.34179191227
RevGradGSymplecticNNgHMC,0.4,autograd,gp_regression,SynchronousLeapfrog,0.05,"[5.2507537e-05 1.0021756e-04 3.4701935e-04 6.5905636e-04 1.1821783e-03
 1.8936952e-03 2.6094362e-03 3.3790646e-03 4.1996990e-03 4.9112821e-03
 5.5642864e-03 6.0103545e-03 6.2250942e-03 6.0643423e-03 5.7494650e-03
 4.9670753e-03 3.9723893e-03 2.6691826e-03 1.4835820e-03 3.9540484e-04
 4.8406579e-05]",1.297875e-14,112.60510659217834,7983.62164911015
HMC,0.7,autograd,gp_regression,SynchronousLeapfrog,0.05,"[5.2522038e-05 8.9856439e-05 1.8091455e-04 4.1396528e-05 6.7299043e-05
 3.4675322e-04 3.5958341e-04 4.8307844e-05 3.6895878e-04 4.3135276e-04
 4.4620418e-05 2.3619867e-04 2.7331951e-04 1.1835687e-04 7.2846386e-05
 1.7899697e-04 5.0493414e-05 9.0464593e-05 2.5502918e-04 8.1462487e-05
 2.4297860e-04]",9.288291e-13,462.0514123439789,16316.931155499728
NNgHMC,0.7,autograd,gp_regression,SynchronousLeapfrog,0.05,"[5.2522038e-05 5.6154968e-05 4.8516979e-04 3.6589254e-04 8.3763865e-05
 4.2614146e-04 7.4213301e-04 4.9399567e-04 3.1481381e-04 4.8408224e-04
 4.8582529e-04 1.7056442e-04 3.1649272e-04 5.5297924e-04 3.8975402e-04
 4.6734651e-05 3.6230611e-04 4.6240346e-04 2.1567989e-04 2.4561715e-04
 6.5488450e-04]",8.442127e-15,321.923668384552,10473.924413858735
NNODEgHMC,0.7,autograd,gp_regression,SynchronousLeapfrog,0.05,"[5.2522038e-05 7.1765717e-05 5.0548883e-04 3.5968676e-04 5.2266863e-05
 4.0780366e-04 7.7161455e-04 5.4071820e-04 3.3685824e-04 5.0372793e-04
 5.2773126e-04 1.7028276e-04 2.5421087e-04 5.5580912e-04 4.7379022e-04
 6.7931680e-05 3.1760667e-04 5.0198188e-04 2.6500734e-04 1.5596287e-04
 6.2814541e-04]",1.10738465e-13,221.6197657585144,5144.696428049767
Explicit NNODEgHMC,0.7,autograd,gp_regression,SynchronousLeapfrog,0.05,"[5.2522038e-05 2.3499135e-05 4.1381596e-04 3.9864518e-04 2.3123690e-04
 6.1482948e-04 8.5700018e-04 6.5320387e-04 7.5132697e-04 9.8256953e-04
 7.7945675e-04 5.6423305e-04 7.5141218e-04 4.8375709e-04 1.8094362e-04
 2.7559290e-04 4.1198047e-04 4.3785098e-05 2.1586794e-04 4.3441882e-04
 2.1447471e-04]",1.1464024e-13,348.54797625541687,4892.221474018955
GSymplecticNNgHMC,0.7,autograd,gp_regression,SynchronousLeapfrog,0.05,"[5.2522038e-05 4.1736988e-05 1.8412076e-04 3.4656003e-04 6.7317765e-04
 1.1383467e-03 1.5559687e-03 1.9787932e-03 2.4155478e-03 2.7289914e-03
 3.0057579e-03 3.1458943e-03 3.1817269e-03 3.0277967e-03 2.9524043e-03
 2.6622724e-03 2.3855839e-03 1.9375797e-03 1.5866222e-03 1.0887882e-03
 7.0071116e-04]",0.0012343012,97.9375569820404,5714.190098723885
RevGSymplecticNNgHMC,0.7,autograd,gp_regression,SynchronousLeapfrog,0.05,"[5.2522038e-05 2.1495960e-05 1.9239236e-04 4.3614343e-04 9.0175774e-04
 1.5609941e-03 2.2143084e-03 2.8893512e-03 3.5624951e-03 4.0628011e-03
 4.4480483e-03 4.5987633e-03 4.5405240e-03 4.1932259e-03 3.8427373e-03
 3.2243798e-03 2.6075405e-03 1.8617209e-03 1.3129696e-03 7.5044372e-04
 4.0259739e-04]",8.222901e-15,109.33252716064453,9073.425633824114
RevGradGSymplecticNNgHMC,0.7,autograd,gp_regression,SynchronousLeapfrog,0.05,"[5.25220385e-05 5.46647789e-05 3.84108076e-04 8.94575089e-04
 1.72328588e-03 2.84231780e-03 4.06325888e-03 5.42809255e-03
 6.91702729e-03 8.33576079e-03 9.67845973e-03 1.07153505e-02
 1.13228317e-02 1.12547493e-02 1.06541486e-02 9.17715486e-03
 7.13129574e-03 4.57212841e-03 2.19420879e-03 3.75275296e-04
 2.86843017e-04]",1.451287e-14,119.48076272010803,9029.94545716744
HMC,1.0,autograd,gp_regression,SynchronousLeapfrog,0.05,"[5.25296928e-05 6.20437058e-05 2.09804057e-04 7.47084196e-05
 1.52406050e-04 5.13966603e-04 3.21424042e-04 3.68138950e-04
 6.76273834e-04 2.55868159e-04 1.53892513e-04 4.60574578e-04
 5.64332622e-05 1.67937760e-04 2.95553735e-04 1.11312045e-04
 7.87421959e-05 2.51014513e-04 8.60204455e-05 1.31209104e-04
 4.20928031e-04]",1.001125e-12,437.9924530982971,15137.25058285779
NNgHMC,1.0,autograd,gp_regression,SynchronousLeapfrog,0.05,"[5.2529693e-05 2.0900810e-04 5.3382054e-04 3.8083780e-04 3.4579448e-04
 7.1983517e-04 8.6285127e-04 5.9419987e-04 5.5111328e-04 7.4931100e-04
 6.6689355e-04 4.4202976e-04 6.0203846e-04 6.2607828e-04 3.6494597e-04
 1.5986411e-04 4.9115339e-04 4.3602785e-04 3.8481469e-04 6.2702224e-04
 8.9082989e-04]",1.3556544e-14,349.9660496711731,10245.55924682705
NNODEgHMC,1.0,autograd,gp_regression,SynchronousLeapfrog,0.05,"[5.2529693e-05 2.2879723e-04 5.8714644e-04 4.2623127e-04 3.4906386e-04
 7.3519483e-04 9.4277482e-04 6.7865249e-04 5.5604166e-04 7.7215029e-04
 7.6741510e-04 4.6694375e-04 5.4913131e-04 6.9340953e-04 5.2566797e-04
 1.5587620e-04 4.3522133e-04 5.5881619e-04 4.4037457e-04 4.9922825e-04
 9.1299397e-04]",1.0383607e-13,219.99418878555298,5955.701126480599
Explicit NNODEgHMC,1.0,autograd,gp_regression,SynchronousLeapfrog,0.05,"[5.25296928e-05 1.28978034e-04 4.00272926e-04 3.52983247e-04
 4.07158688e-04 7.77322799e-04 8.70466058e-04 7.68757425e-04
 1.01969205e-03 1.12308550e-03 8.76697944e-04 8.29324475e-04
 9.09760129e-04 4.19958495e-04 2.69035605e-04 4.08035819e-04
 2.57725798e-04 2.66262923e-05 3.35879013e-04 2.90238357e-04
 1.01394464e-04]",1.0203194e-13,344.62898993492126,6087.839724938263
GSymplecticNNgHMC,1.0,autograd,gp_regression,SynchronousLeapfrog,0.05,"[5.2529693e-05 2.3650106e-04 7.9540175e-04 1.5047861e-03 2.4110461e-03
 3.3980040e-03 4.2068171e-03 4.8421379e-03 5.2924305e-03 5.4287300e-03
 5.3711841e-03 5.0728261e-03 4.6307980e-03 4.0261489e-03 3.5843381e-03
 3.0486211e-03 2.6525939e-03 2.1801025e-03 1.8327931e-03 1.2824776e-03
 7.2210218e-04]",0.0004046458,119.63401961326599,6344.947165936576
RevGSymplecticNNgHMC,1.0,autograd,gp_regression,SynchronousLeapfrog,0.05,"[5.2529693e-05 5.2468618e-05 1.9073169e-04 3.3169577e-04 6.2286458e-04
 1.0467340e-03 1.4284953e-03 1.8325262e-03 2.2774390e-03 2.6323572e-03
 2.9832064e-03 3.2218574e-03 3.3651579e-03 3.3062387e-03 3.2920509e-03
 3.0139801e-03 2.6989889e-03 2.1773807e-03 1.7433214e-03 1.1741031e-03
 7.3849119e-04]",5.040844e-15,130.07953000068665,9355.025573340397
RevGradGSymplecticNNgHMC,1.0,autograd,gp_regression,SynchronousLeapfrog,0.05,"[5.2529693e-05 6.1481856e-05 2.3421249e-04 4.2729903e-04 7.7743438e-04
 1.2549610e-03 1.6742852e-03 2.0917323e-03 2.5222453e-03 2.8345461e-03
 3.1184528e-03 3.2712691e-03 3.3161687e-03 3.1522398e-03 3.0308827e-03
 2.6473938e-03 2.2344971e-03 1.6345691e-03 1.1689264e-03 6.6476502e-04
 4.5602716e-04]",7.166053e-15,136.75523710250854,3920.0612970581124
