model,training_size,sensitivity,distribution,solver,step_size,hamiltonian_error,reversibility_error,distribution_error,time,ess
HMC,1.0,autograd,banana,SynchronousLeapfrog,0.1,"[0.49833488 0.6842451  0.85503393 0.38416776 0.8451013  0.88820076
 0.6195251  0.8333912  0.39964366 0.79047066 0.90877    0.47219595
 0.33782637 0.4080802  0.4431374  0.56727177 0.4189297  0.7617738
 0.8269152  0.9197642 ]",9.769963e-16,0.0,0.07251524925231934,9.793343019358653
NNgHMC,1.0,autograd,banana,SynchronousLeapfrog,0.1,"[0.2780731  0.5594078  0.8208371  0.15280594 0.8674278  0.87917376
 0.41134918 0.8181228  0.18190266 0.64823216 0.91564506 0.3821667
 0.8026243  0.11145612 0.99942493 0.72953004 2.2014024  0.5940417
 0.8673795  0.8405464 ]",1.9984014e-16,0.9255812530081774,0.07834410667419434,16.462492223492575
NNODEgHMC,1.0,autograd,banana,SynchronousLeapfrog,0.1,"[0.32784492 0.6210485  0.8421712  0.08529821 0.8566334  0.89608616
 0.3669761  0.8207559  0.11761967 0.64431614 0.9209327  0.34471655
 0.7279897  0.1294274  0.9066982  0.7079789  2.1800592  0.56241447
 0.83311194 0.8799704 ]",3.201901e-11,1.1932067043097097,0.14690518379211426,10.507275090893687
Explicit NNODEgHMC,1.0,autograd,banana,SynchronousLeapfrog,0.1,"[0.36026967 0.6501358  0.83891207 0.03645068 0.8533724  0.9091706
 0.3297671  0.8254814  0.06929433 0.6117852  0.9097168  0.321057
 0.6905641  0.07567529 0.8593771  0.6917388  2.2832742  0.5248709
 0.8242178  0.896805  ]",1.0332642e-10,1.9570944257009941,0.2053055763244629,3.295039384570009
SymplecticNNgHMC,1.0,autograd,banana,SynchronousLeapfrog,0.1,"[11.612758  11.703629  12.262272  11.692132  11.500058  12.113828
  8.17893   10.873695  12.469121  10.367217   9.906049  10.698621
 11.466069   7.6687303 12.709851   9.296763   6.6376204  9.055123
  9.627055  12.106027 ]",2.04141,1.710122905124217,0.7245981693267822,20.0
GSymplecticNNgHMC,1.0,autograd,banana,SynchronousLeapfrog,0.1,"[0.7107944  0.748929   0.7528717  0.59595007 0.76454186 0.8796386
 0.5892506  0.7164448  0.45252597 0.8969004  0.91095424 0.24177353
 0.03231597 0.785186   0.5827779  0.47083727 0.30004942 0.8595565
 0.8215695  0.89465666]",0.004546803,1.8948548531913578,0.14633822441101074,9.448657903610325
GradSymplecticNNgHMC,1.0,autograd,banana,SynchronousLeapfrog,0.1,"[11.649662  11.720311  12.269562  11.723308  11.524184  12.135457
  8.150641  10.88895   12.540966  10.383157   9.931239  10.74075
 11.574414   7.672993  12.929767   9.180521   6.6440377  9.0444355
  9.630959  12.12463  ]",2.0452263,1.710122905124217,1.3726093769073486,20.0
GradGSymplecticNNgHMC,1.0,autograd,banana,SynchronousLeapfrog,0.1,"[0.7167216  0.7457938  0.7375025  0.61230093 0.7504118  0.87231153
 0.55802625 0.7276599  0.47756985 0.8885582  0.9114236  0.21203882
 0.03386888 0.7847347  0.5662879  0.4970173  0.2805939  0.8463102
 0.8125792  0.898346  ]",0.00012799012,1.1888566628061552,0.44068241119384766,2.803290085942944
HMC,1.0,autograd,gaussian,SynchronousLeapfrog,0.3,"[0.59730864 0.68724746 0.68831533 0.7474873  0.52091897 0.6925876
 0.66719913 0.7472406  0.63493395 0.64382195 0.7173373  0.7550941
 0.7151931  0.757456   0.72119665 0.7130917  0.71941847 0.6532965
 0.58688575 0.6322331 ]",3.1983674e-15,0.0,0.20397329330444336,14.376657122831617
NNgHMC,1.0,autograd,gaussian,SynchronousLeapfrog,0.3,"[0.17549838 0.5238328  0.691452   0.73141485 0.40788218 0.64627427
 0.48053753 0.72203255 0.628817   0.5872013  0.6850693  0.7440588
 0.70679444 0.7336076  0.71777415 0.63131315 0.69888586 0.6461111
 0.5530694  0.5720838 ]",6.5188596e-15,0.08514832391111792,0.2008347511291504,23.402905611671788
NNODEgHMC,1.0,autograd,gaussian,SynchronousLeapfrog,0.3,"[0.48109064 0.66545534 0.66043717 0.7164491  0.4831197  0.591551
 0.6370143  0.7334626  0.62395644 0.47580585 0.7141289  0.74748087
 0.716244   0.75323206 0.7124689  0.6376988  0.71637464 0.6368813
 0.6093106  0.62986535]",2.6959048e-14,0.18254608006809134,0.2280435562133789,12.188382760526325
Explicit NNODEgHMC,1.0,autograd,gaussian,SynchronousLeapfrog,0.3,"[0.2665358  0.5350225  0.6402387  0.72203344 0.34929344 0.65061635
 0.51607376 0.7194872  0.52608776 0.38244462 0.6441918  0.7475984
 0.6879862  0.7382183  0.70235205 0.6147685  0.71782917 0.4421115
 0.0501987  0.6353406 ]",3.285665e-14,0.6370465696303048,0.3034782409667969,9.127182105039616
SymplecticNNgHMC,1.0,autograd,gaussian,SynchronousLeapfrog,0.3,"[0.5360563  0.7027312  0.69766265 0.73675376 0.55617374 0.67317104
 0.6979684  0.7456608  0.605982   0.63650495 0.58983666 0.7265244
 0.6926654  0.7000081  0.72020537 0.71341187 0.69385964 0.6070628
 0.5771439  0.6235033 ]",0.85864,1.5067633420746003,0.6882891654968262,8.427524223819391
GSymplecticNNgHMC,1.0,autograd,gaussian,SynchronousLeapfrog,0.3,"[0.6427314  0.7240935  0.71357846 0.72405934 0.53604966 0.6570553
 0.66560286 0.7356124  0.6488456  0.63680714 0.7147499  0.7528251
 0.6578814  0.7561652  0.6944968  0.738713   0.7181049  0.6983934
 0.68755645 0.5745439 ]",0.20695622,0.8874194242421736,0.24853038787841797,2.0996228281454647
GradSymplecticNNgHMC,1.0,autograd,gaussian,SynchronousLeapfrog,0.3,"[0.13880982 0.47685227 0.65557355 0.7303018  0.41619292 0.6068119
 0.6662337  0.73458475 0.6302091  0.37823927 0.6427634  0.7345367
 0.66211176 0.700088   0.71517926 0.6680146  0.7101833  0.6549685
 0.47559664 0.6315643 ]",0.44238856,0.305968757576197,1.4620954990386963,10.224592618339413
GradGSymplecticNNgHMC,1.0,autograd,gaussian,SynchronousLeapfrog,0.3,"[0.64052963 0.7280717  0.711417   0.7174425  0.54419947 0.65999395
 0.65420955 0.7253707  0.6406316  0.6406747  0.7173644  0.75332445
 0.65375566 0.7559028  0.6919279  0.7383025  0.7184805  0.6985225
 0.6726443  0.57139117]",0.20636064,0.8736801138679291,0.5439884662628174,4.925652141792959
HMC,1.0,autograd,high_dimensional_gaussian,SynchronousLeapfrog,0.1,"[0.697793   0.6774388  0.69175714 0.6718121  0.6987024  0.6806336
 0.6744339  0.6481604  0.71820873 0.6345753  0.6865366  0.7138602
 0.6842     0.68929356 0.6671539  0.6848826  0.6505663  0.7112976
 0.7026486  0.69847995]",1.7650407e-15,0.0,0.22654128074645996,6.862725285401335
NNgHMC,1.0,autograd,high_dimensional_gaussian,SynchronousLeapfrog,0.1,"[0.6878986  0.67029184 0.685512   0.6607578  0.6949487  0.6753176
 0.66181755 0.63060516 0.7106628  0.6253863  0.6569684  0.7077112
 0.670299   0.6697562  0.6510741  0.67362404 0.6398307  0.69460386
 0.69909185 0.6857486 ]",2.3313123e-15,0.7514981555479793,0.2603762149810791,21.062816473615875
NNODEgHMC,1.0,autograd,high_dimensional_gaussian,SynchronousLeapfrog,0.1,"[0.6874053  0.66571856 0.68374014 0.65916127 0.69472724 0.6706219
 0.65952325 0.63373786 0.70713186 0.6242015  0.6495376  0.70767975
 0.6709369  0.6672414  0.6543884  0.677367   0.6351941  0.6951408
 0.6948645  0.685203  ]",1.3167232e-14,1.4219317334734034,0.36135172843933105,20.0
Explicit NNODEgHMC,1.0,autograd,high_dimensional_gaussian,SynchronousLeapfrog,0.1,"[0.68760294 0.6665886  0.68160695 0.6616133  0.6908707  0.6741237
 0.66108066 0.6291835  0.71404773 0.62047476 0.67997026 0.7059478
 0.6739607  0.6840984  0.6514153  0.6768     0.63558745 0.7055759
 0.6944327  0.687171  ]",1.5761321e-14,1.0793150175971589,0.4454030990600586,4.308371451461818
SymplecticNNgHMC,1.0,autograd,high_dimensional_gaussian,SynchronousLeapfrog,0.1,"[0.6606651  0.6207527  0.6709395  0.6012551  0.5862037  0.64849687
 0.63890725 0.60372764 0.6548043  0.60126734 0.5905703  0.7039632
 0.6574194  0.63682705 0.6353989  0.67095727 0.56765336 0.6547583
 0.6697069  0.64653593]",0.38671362,1.4219317334734034,0.7521770000457764,20.0
GSymplecticNNgHMC,1.0,autograd,high_dimensional_gaussian,SynchronousLeapfrog,0.1,"[0.5523577  0.5543645  0.5459884  0.57978463 0.53990227 0.5434007
 0.5598991  0.54445946 0.5763263  0.52966547 0.49707243 0.61238134
 0.5203747  0.50642896 0.5643092  0.5854998  0.57407886 0.5372085
 0.5948334  0.5786125 ]",10.0918,1.4219317334734034,0.589015007019043,20.0
GradSymplecticNNgHMC,1.0,autograd,high_dimensional_gaussian,SynchronousLeapfrog,0.1,"[0.6671429  0.6202603  0.67323035 0.5961472  0.5859837  0.64767987
 0.64291614 0.60896045 0.6628596  0.60186    0.5902953  0.7054438
 0.66740996 0.64232117 0.6449914  0.67478657 0.5776596  0.6585879
 0.679342   0.6507237 ]",0.38527417,1.4219317334734034,1.5871474742889404,20.0
GradGSymplecticNNgHMC,1.0,autograd,high_dimensional_gaussian,SynchronousLeapfrog,0.1,"[0.550124   0.55355364 0.54341924 0.5798894  0.5342352  0.5444861
 0.56025386 0.5450049  0.5810669  0.5288879  0.4998891  0.61276156
 0.51851344 0.5108265  0.5601735  0.5895021  0.5755193  0.54091513
 0.5966611  0.5812252 ]",10.184695,1.4219317334734034,1.4480466842651367,20.0
HMC,1.0,autograd,normal_normal,SynchronousLeapfrog,0.1,"[0.71977884 0.7110843  0.7126327  0.64870715 0.71515965 0.7236584
 0.70203704 0.70606893 0.636388   0.7148726  0.74448395 0.7219558
 0.61331785 0.69328475 0.44313017 0.71900296 0.69280237 0.7079654
 0.71325326 0.73741287]",9.769963e-16,0.0,0.2711520195007324,17.278086197211472
NNgHMC,1.0,autograd,normal_normal,SynchronousLeapfrog,0.1,"[0.7104717  0.68826103 0.71239454 0.5198701  0.7136428  0.7225844
 0.7011816  0.6992002  0.5215958  0.7111781  0.7470164  0.7236355
 0.37973288 0.6943262  0.14271055 0.72939247 0.6936558  0.7085235
 0.7120394  0.73265004]",1.6348034e-15,0.5549849350525583,0.22481322288513184,10.082272046780687
NNODEgHMC,1.0,autograd,normal_normal,SynchronousLeapfrog,0.1,"[0.7153935  0.69478697 0.71187925 0.5362616  0.71454984 0.72401017
 0.7002976  0.69916534 0.5341701  0.70603466 0.7444559  0.7229188
 0.39601073 0.6886937  0.14537622 0.7277927  0.68549436 0.704952
 0.7125213  0.73281866]",1.7391665e-14,0.5404824426703222,0.23844456672668457,7.141458804161454
Explicit NNODEgHMC,1.0,autograd,normal_normal,SynchronousLeapfrog,0.1,"[0.70708126 0.6652195  0.71056265 0.43399438 0.71721643 0.72464204
 0.7073578  0.68423843 0.44151935 0.70004267 0.74355227 0.72719103
 0.23032637 0.6855319  0.03094609 0.7303813  0.6819129  0.7101181
 0.7183986  0.7207268 ]",2.431113e-14,0.13056583818275275,0.30584216117858887,6.391701084375842
SymplecticNNgHMC,1.0,autograd,normal_normal,SynchronousLeapfrog,0.1,"[0.71882516 0.7109008  0.7000306  0.635856   0.7034325  0.71168655
 0.7004843  0.69354683 0.5897813  0.69913    0.7444251  0.72059315
 0.55939394 0.69235706 0.1442339  0.7294324  0.67568356 0.7126462
 0.70508194 0.72446465]",0.032942273,0.859161878293339,0.6434807777404785,3.1731520145175933
GSymplecticNNgHMC,1.0,autograd,normal_normal,SynchronousLeapfrog,0.1,"[0.7199788  0.72089523 0.68948793 0.6823981  0.7121646  0.7097896
 0.7356078  0.6707261  0.6318392  0.71283627 0.7451679  0.723032
 0.6141103  0.69766515 0.29082742 0.7036047  0.71431756 0.72556335
 0.7314408  0.73076075]",0.00031714622,1.6161085761397813,0.23788714408874512,7.455774594830959
GradSymplecticNNgHMC,1.0,autograd,normal_normal,SynchronousLeapfrog,0.1,"[0.70738536 0.68534374 0.707092   0.5187666  0.7096114  0.71869344
 0.69350487 0.699943   0.51140696 0.6997509  0.7433133  0.72443104
 0.3557761  0.6815327  0.09494478 0.73317593 0.66648626 0.70704985
 0.7065222  0.7243571 ]",0.036159568,0.4327510496102225,1.2372186183929443,6.216567366752581
GradGSymplecticNNgHMC,1.0,autograd,normal_normal,SynchronousLeapfrog,0.1,"[0.72221404 0.7210315  0.6927109  0.67788076 0.71591824 0.7131393
 0.7378045  0.6623873  0.6240228  0.7105226  0.7446889  0.7227122
 0.60137194 0.699389   0.2731686  0.69790393 0.71442705 0.7256786
 0.7342629  0.73086506]",0.010951745,1.7454894215849732,0.4705824851989746,2.9256505569748743
